{
  "pageNumber": 15,
  "items": [
    {
      "str": "15",
      "x": 549.045,
      "y": 820.0146,
      "w": 17.342000000000002,
      "h": 13,
      "fontSize": 13,
      "rotation": 0,
      "hasEOL": false
    },
    {
      "str": "COVER MATERIALS",
      "x": 566.613,
      "y": 544.7059999999999,
      "w": 275.85962040000004,
      "h": 26,
      "fontSize": 26,
      "rotation": 90,
      "hasEOL": false
    },
    {
      "str": "05.09.2026/USA 02/AMERICAN/USD",
      "x": 214.542,
      "y": 817.9892,
      "w": 166.18703099999993,
      "h": 10,
      "fontSize": 10,
      "rotation": 0,
      "hasEOL": false
    }
  ],
  "width": 595.276,
  "height": 841.89
}
