{
  "pageNumber": 587,
  "items": [
    {
      "str": "587",
      "x": 544.709,
      "y": 820.0146,
      "w": 26.013000000000005,
      "h": 13,
      "fontSize": 13,
      "rotation": 0,
      "hasEOL": false
    },
    {
      "str": "OTHER OCCASIONAL ITEMS",
      "x": 566.613,
      "y": 607.072,
      "w": 400.57964726,
      "h": 26,
      "fontSize": 26,
      "rotation": 90,
      "hasEOL": false
    },
    {
      "str": "05.09.2026/USA 02/AMERICAN/USD",
      "x": 214.542,
      "y": 817.9892,
      "w": 166.18703099999993,
      "h": 10,
      "fontSize": 10,
      "rotation": 0,
      "hasEOL": false
    }
  ],
  "width": 595.276,
  "height": 841.89
}
